reviewerName,rating,title,body,reviewDate,reviewerEmail,reviewerLocation,productHandle,images
Marcus Bell,5,Third season on this board and it still feels new,"Bought this after demoing one at Whistler and it has held up through three full seasons. The base still takes wax well and the edges have kept their bite after a few rock strikes. If you ride mixed terrain and only want one board this is the one I would pick again.",2026-03-04,marcus.bell@example.com,Vancouver Canada,the-complete-snowboard,
Priya Raghavan,4,Great all-rounder but size up if you are between,"Really pleased with it overall. Stable at speed and forgiving enough that I could work on switch riding without catching an edge every run. Only note is that the sizing runs about half a size short for me so I would size up if you are between two.",2026-02-18,priya.raghavan@example.com,Bristol UK,the-complete-snowboard,
Daniel Okafor,5,Handles chop far better than the price suggests,"I was expecting to feel every bump given what I paid but it stays composed through afternoon chop. Landed a few flat landings I would rather not talk about and it absorbed them fine.",2026-04-11,daniel.okafor@example.com,Denver CO,the-complete-snowboard,
Hannah Lindqvist,5,Perfect first board,"My instructor recommended something in this range and it has been ideal. Predictable, easy to turn, and I have not once felt like the board was ahead of me. Two months in and I am linking turns on blues.",2026-01-27,hannah.l@example.com,Are Sweden,the-complete-snowboard,
Tom Whitaker,3,"Good board, disappointing bindings hardware","No complaints about the board itself, it rides well and holds an edge. But two of the binding screws stripped within the first week and I had to source replacements locally. Would be four or five stars with better hardware.",2026-05-02,t.whitaker@example.com,Queenstown NZ,the-complete-snowboard,
Ana Sofia Reyes,5,Fast base and it stayed fast,"The sintered base is genuinely quick and it has kept its glide better than my last board which needed a grind after one season. Worth the extra over an extruded base if you ride flatter resorts.",2026-06-08,anasofia.reyes@example.com,Bariloche Argentina,the-videographer-snowboard,
Jack Mensah,4,Stable for filming laps,"I shoot a lot of follow cam and needed something I could ride one handed without drama. This is stable at moderate speed and turns without much input which is exactly what I wanted. Slightly heavier than I expected.",2026-03-22,jack.mensah@example.com,Chamonix France,the-videographer-snowboard,
Elena Popescu,5,Edge hold on ice is the best I have had,"We get a lot of hardpack here and most boards chatter. This one tracks. I took it out on a genuinely icy morning and it held a clean carve where my old board would have washed out.",2026-07-14,elena.popescu@example.com,Poiana Brasov Romania,the-videographer-snowboard,
Ryan Coetzee,4,Does everything well without being exciting,"Solid, dependable, no bad habits. It is not the most playful board I have owned but it does not do anything wrong either. If you want one board that works everywhere this is a sensible pick.",2026-05-19,ryan.coetzee@example.com,Cape Town South Africa,the-videographer-snowboard,
Mia Fontaine,2,Delaminated at the tail after six weeks,"Rode it maybe fifteen days and the topsheet started lifting at the tail. Support were responsive and are sorting a replacement so I am not writing the brand off, but I cannot rate the board itself above two stars given it did not last a season.",2026-06-30,mia.fontaine@example.com,Morzine France,the-videographer-snowboard,
Kenji Watanabe,5,Light enough for hiking,"I do a fair bit of sidecountry hiking and the weight difference is noticeable by the third lap. Still stiff enough to hold on the way back down.",2026-02-09,kenji.watanabe@example.com,Niseko Japan,the-minimal-snowboard,
Freya Ndlovu,4,Simple and it works,"Nothing flashy about it and that is the appeal. Good flex for park laps, easy to press, and it has taken a season of rails without much complaint beyond the usual base scratches.",2026-04-02,freya.ndlovu@example.com,Innsbruck Austria,the-minimal-snowboard,
Sam Ellery,5,Better than boards costing twice as much,"Genuinely surprised. I have ridden much more expensive boards that were less fun. Pop is there, it holds an edge, and it did not fall apart the first time I hit something hard.",2026-07-01,sam.ellery@example.com,Aviemore Scotland,the-minimal-snowboard,
Nadia Haddad,3,"Fine board, sizing chart is misleading","The board rides well enough but the sizing guidance did not match reality for me. I ordered to the chart and ended up with something noticeably short. Rides fine now that I have adjusted my stance but worth checking before ordering.",2026-03-15,nadia.haddad@example.com,Beirut Lebanon,the-minimal-snowboard,
Oliver Grant,5,Exactly what I wanted for powder days,"Floats properly without me having to lean back the whole run. First deep day I took it out I did not think about the board once which is the highest compliment I can give.",2026-01-19,oliver.grant@example.com,Revelstoke Canada,the-collection-snowboard-liquid,
Isabel Moreau,4,"Lovely in soft snow, less so on hardpack","On a powder morning it is superb. On a firm afternoon it is noticeably less confident and I found myself backing off. Know what you are buying and it is excellent.",2026-05-27,isabel.moreau@example.com,Verbier Switzerland,the-collection-snowboard-liquid,
Arjun Mehta,5,Held up to a full season of everything,"Rode it in slush, ice, powder and one memorably bad rain day. It has scratches but nothing structural and it still rides like it did in November.",2026-06-16,arjun.mehta@example.com,Gulmarg India,the-collection-snowboard-liquid,
Sofia Karlsen,5,Stiffer than expected in the best way,"I ride aggressively and most boards this price feel vague at speed. This does not. It rewards a bit of effort and stays planted when you push it.",2026-04-24,sofia.karlsen@example.com,Hemsedal Norway,the-collection-snowboard-oxygen,
David Ferreira,4,Great carving board with one caveat,"Carves beautifully and the edge hold is genuinely good. Caveat is that it is demanding — my partner borrowed it for a day and found it a lot of work. Not a beginner board.",2026-02-27,david.ferreira@example.com,Serra da Estrela Portugal,the-collection-snowboard-oxygen,
Leila Hassan,5,Bought a second one for my partner,"Rode mine for two weeks and then ordered another for my partner rather than looking at anything else. That is about as strong a recommendation as I have.",2026-07-22,leila.hassan@example.com,Erzurum Turkiye,the-collection-snowboard-oxygen,
Bruno Castellanos,4,Solid park board,"Takes a beating on rails and boxes without much damage to the base. Slightly softer than I would like for larger jumps but for a park lap it is great.",2026-03-30,bruno.castellanos@example.com,Sierra Nevada Spain,the-collection-snowboard-hydrogen,
Grace Thornton,5,Confidence inspiring for an intermediate,"I moved to this from a rental and the difference was immediate. It does what I ask and nothing I do not ask, which when you are still learning is worth a lot.",2026-05-11,grace.thornton@example.com,Thredbo Australia,the-collection-snowboard-hydrogen,
Yusuf Demir,2,Arrived with a cracked edge,"The board was damaged on arrival — a visible crack in the edge near the nose. To be fair the replacement process was quick and the second board has been fine, but the first one should never have shipped.",2026-04-18,yusuf.demir@example.com,Palandoken Turkiye,the-collection-snowboard-hydrogen,
Clara Bergmann,5,The only wax I use now,"Goes on easily, lasts longer than the brand I used before, and does not need a hot iron to be worth it. Have been through three tins.",2026-06-03,clara.bergmann@example.com,Garmisch Germany,selling-plans-ski-wax,
Theo Abara,4,"Good wax, wish the tin were bigger","Works well across a decent temperature range and I have not needed a separate warm and cold wax this season. Only gripe is that the tin runs out faster than I would like.",2026-07-09,theo.abara@example.com,Sofia Bulgaria,selling-plans-ski-wax,
Ingrid Sorensen,5,Noticeably faster on flat runouts,"Sceptical about whether wax makes a real difference on a mid range board but the flat runout back to the lift used to require skating and now it does not.",2026-05-06,ingrid.sorensen@example.com,Trysil Norway,selling-plans-ski-wax,
Felix Adeyemi,4,Well made and it has lasted,"Two seasons and it is still going. Some cosmetic wear on the topsheet but nothing that affects how it rides. Would buy again.",2026-02-02,felix.adeyemi@example.com,Andorra la Vella Andorra,the-multi-location-snowboard,
Rosa Iglesias,5,Turned up faster than promised,"Ordered on a Tuesday and it was with me by Thursday which I did not expect. Board itself is excellent — quick edge to edge and lighter than my last one.",2026-06-21,rosa.iglesias@example.com,Baqueira Spain,the-multi-location-snowboard,
